epoch,loss,mean_squared_error,val_loss,val_mean_squared_error
0,0.08647919463983271,0.08647922,0.013986369117628784,0.01398637
1,0.010016150526644197,0.010016153,0.007111777178943157,0.0071117766
